id,name,phone,gender
1,Elisha,574-458-3715,Male
2,Jemima,779-641-6669,Female
3,Delano,631-856-2291,Genderfluid
4,Iago,266-292-3543,Male
5,Billye,711-151-5796,Female
6,Keir,547-536-7733,Male
7,Conan,217-989-1438,Male
8,Monika,336-859-7424,Female
9,Courtenay,792-962-8697,Female
10,Corbie,494-633-5498,Male
11,Valentia,879-795-9552,Female
12,Agathe,449-304-8474,Female
13,Coop,263-594-3750,Male
14,Marve,616-435-5999,Male
15,Cam,847-953-4043,Agender
16,Glynda,962-403-0247,Female
17,Artair,428-928-9132,Male
18,Marleen,132-193-8480,Female
19,Lishe,723-294-4604,Female
20,Elene,303-680-7851,Female
21,Nick,995-474-1180,Male
22,Wren,523-695-7993,Female
23,Boyce,158-884-5066,Male
24,Belia,716-587-2076,Genderfluid
25,Wallas,465-738-8032,Male
26,Timoteo,587-689-3113,Male
27,Currie,149-234-7381,Non-binary
28,Olav,931-526-8551,Male
29,Letta,512-374-0755,Female
30,Poul,339-637-1637,Male
31,Webb,740-548-7828,Male
32,Albrecht,126-267-1970,Male
33,Anthiathia,390-640-9610,Female
34,Hailee,730-834-0264,Female
35,Ilene,907-800-0684,Female
36,Nollie,722-511-6876,Male
37,Gerrilee,959-514-3468,Bigender
38,Hendrick,736-396-2878,Male
39,Valdemar,704-769-0751,Male
40,Eugenia,721-923-8235,Genderfluid
41,Christen,402-967-3938,Female
42,Paule,203-135-0540,Female
43,Abba,353-846-3849,Male
44,Evin,792-174-7246,Male
45,Arlin,594-340-1741,Male
46,Adelbert,625-441-9702,Male
47,Adelheid,301-117-0943,Female
48,Anissa,138-354-9828,Female
49,Constancy,485-203-9002,Female
50,Glad,139-788-5418,Female
51,Rhodie,361-247-8275,Female
52,Joyous,475-969-3829,Female
53,Shirl,297-873-4460,Female
54,Dag,696-283-1106,Male
55,Laura,686-450-8552,Female
56,Ferrel,156-297-8250,Genderqueer
57,Jilly,323-101-2462,Female
58,Elicia,178-878-4920,Female
59,Alissa,762-647-8250,Female
60,Niki,994-708-1978,Female
61,Jameson,998-150-4293,Male
62,Scotty,366-982-9691,Male
63,Abbey,179-582-8674,Male
64,Jacki,258-945-3329,Female
65,Gracie,360-582-4605,Female
66,Lind,957-464-5075,Female
67,Willis,598-111-6168,Bigender
68,Otho,594-921-0577,Male
69,Rosette,245-638-7596,Female
70,Adrian,395-719-1774,Female
71,Katharyn,839-547-9159,Female
72,Keven,915-944-2961,Male
73,Samaria,637-494-7664,Female
74,Kele,121-733-6514,Male
75,Shandy,435-730-4984,Female
76,Elvyn,230-317-4838,Genderfluid
77,Loralie,822-137-9074,Female
78,Ashien,158-550-0738,Female
79,Teddie,200-421-1926,Male
80,Tatum,124-644-5757,Female
81,Ginevra,406-500-5198,Female
82,Tessi,912-617-5859,Female
83,Nial,188-598-9028,Male
84,Kakalina,613-177-9277,Female
85,Marjorie,543-682-2952,Female
86,Rustie,812-511-0734,Genderqueer
87,Nerita,495-718-8106,Female
88,Gusty,354-421-4155,Female
89,Keely,894-453-1844,Female
90,Denys,720-964-6677,Male
91,Beniamino,732-328-6505,Male
92,Bernhard,416-877-3121,Male
93,Tyson,787-341-6885,Male
94,Minta,985-688-3177,Female
95,Melosa,530-594-1581,Female
96,Angelina,897-862-8464,Female
97,Thorin,470-382-8073,Male
98,Lela,874-902-3422,Female
99,Keri,496-804-0432,Female
100,Duke,762-590-0107,Genderqueer
101,Shanon,132-299-3327,Female
102,Llewellyn,958-829-4502,Male
103,Craggie,148-760-9158,Male
104,Loutitia,813-464-7605,Female
105,Ninon,391-287-5026,Female
106,Darsie,274-797-3775,Genderfluid
107,Harald,906-227-2096,Male
108,Linet,571-516-9576,Female
109,Gannie,888-764-3579,Male
110,Veriee,450-756-0617,Bigender
111,Ezra,595-102-7748,Non-binary
112,Griffy,678-983-8615,Male
113,Noble,909-369-9962,Male
114,Mirabelle,245-301-0309,Female
115,Peterus,271-909-7163,Male
116,Bennie,920-969-7043,Male
117,Rip,524-541-1489,Male
118,Bea,227-746-1520,Non-binary
119,Del,139-139-9937,Male
120,Zulema,583-741-1895,Female
121,Archy,398-523-8111,Male
122,Izak,766-277-7501,Male
123,Dallis,268-361-8523,Male
124,Laurens,535-690-7522,Male
125,Theobald,719-107-9988,Male
126,Jocko,405-212-2084,Male
127,Ginny,240-836-6345,Female
128,Madelene,236-114-5805,Female
129,Riobard,603-996-7792,Male
130,Eustace,207-920-6559,Male
131,Anatole,200-691-2924,Male
132,Petra,637-741-9441,Female
133,Jaynell,728-205-6565,Female
134,Quentin,253-983-4733,Male
135,Sheffie,931-761-0448,Male
136,Carlee,208-348-8651,Female
137,Paulie,377-286-5274,Female
138,Constantin,517-753-0714,Male
139,Quillan,620-485-0483,Genderqueer
140,Joni,415-193-8095,Female
141,Latia,113-939-3593,Female
142,Alistair,170-705-8625,Male
143,Susette,515-488-5638,Female
144,Brantley,889-459-5654,Male
145,Kiah,657-620-4779,Female
146,Whitney,572-694-4121,Male
147,Fraser,995-846-8132,Male
148,Jeffie,578-280-8342,Male
149,Zacharia,751-444-2414,Male
150,Stanleigh,994-925-1764,Male
151,Milly,765-255-4573,Genderfluid
152,Kynthia,259-447-4101,Female
153,Florrie,155-553-4357,Female
154,Osmond,338-283-5717,Male
155,Penn,559-832-9656,Male
156,Benedicto,846-178-5940,Male
157,Windham,109-641-5736,Male
158,Anderea,630-648-9221,Female
159,Barty,346-856-5094,Male
160,Ulberto,606-904-3544,Male
161,Harriette,433-493-7645,Female
162,Tiffi,145-803-1246,Female
163,Mathian,521-327-5742,Male
164,Ollie,213-464-4027,Female
165,Ingmar,934-667-5187,Male
166,Orelia,996-670-7239,Female
167,Griz,639-356-5429,Male
168,Nada,807-986-1815,Female
169,Clarine,862-554-3984,Female
170,Carter,804-262-2226,Non-binary
171,Hunter,182-704-0804,Male
172,Shanon,294-402-4127,Female
173,Jay,766-361-7042,Male
174,Wallie,824-389-0502,Male
175,Hakim,822-582-8957,Male
176,Kippie,691-587-6630,Non-binary
177,Baily,775-282-8234,Male
178,Timothee,261-732-9528,Male
179,Stephen,649-269-0680,Male
180,Emiline,292-469-9469,Female
181,Galvin,250-873-4076,Male
182,Jerrilyn,997-563-6435,Female
183,Hildy,695-462-0932,Female
184,Philippa,793-555-4178,Bigender
185,Phillipe,265-463-9725,Genderfluid
186,Gustav,984-929-3413,Male
187,Friedrick,967-393-4319,Male
188,Bridget,336-126-6243,Female
189,Cordell,283-952-8867,Male
190,Carrissa,879-129-8731,Non-binary
191,Cammie,755-391-6557,Female
192,Oriana,589-192-6859,Female
193,Flore,284-298-6953,Female
194,Lynn,798-523-0467,Female
195,Ilene,421-435-1389,Non-binary
196,Ganny,675-972-9622,Male
197,Shelley,388-575-7746,Female
198,Leticia,157-858-2712,Female
199,Guy,724-939-7997,Male
200,Madelena,812-426-4518,Female
201,Jillene,129-438-4860,Female
202,Lynnet,760-423-6060,Female
203,Kathryne,821-292-5492,Female
204,Pattie,614-111-5405,Male
205,Redd,753-538-8378,Genderfluid
206,Reid,385-199-6271,Male
207,Alyssa,676-701-7171,Female
208,Elinore,786-936-4311,Female
209,Bren,685-223-7450,Female
210,Kev,412-819-2389,Male
211,Allie,787-912-4494,Female
212,Jaclyn,176-209-3784,Female
213,Roberta,141-319-8790,Female
214,Tyler,706-556-1635,Male
215,Flynn,527-131-2221,Male
216,Hakim,541-717-9330,Male
217,Ingunna,942-675-7341,Female
218,Aprilette,878-205-3656,Female
219,Colly,169-414-4221,Female
220,Theobald,740-682-4825,Male
221,Kinnie,623-641-3422,Male
222,Thekla,692-464-0829,Female
223,Shell,326-974-2191,Female
224,Lonna,506-994-6444,Female
225,Clarie,228-430-0086,Female
226,Jordana,738-268-8341,Female
227,Melinde,126-688-4649,Agender
228,Ally,253-357-3311,Female
229,Zachariah,797-356-5357,Male
230,Almeda,822-804-3464,Female
231,Dalli,708-757-1009,Male
232,Saxon,782-942-4511,Male
233,Boothe,404-260-6770,Male
234,Glenine,697-492-5891,Female
235,Rhodie,749-254-4923,Female
236,Roobbie,844-928-0403,Female
237,Teirtza,958-891-1764,Female
238,Mora,855-194-9024,Female
239,Chance,692-846-5335,Male
240,Carmencita,202-603-8834,Agender
241,Dewain,632-865-3073,Male
242,Adriaens,728-699-6791,Female
243,Beckie,972-549-2459,Female
244,Andrei,574-476-4400,Female
245,Kelwin,344-391-9097,Male
246,Si,162-397-6717,Male
247,Edmund,250-717-5338,Genderfluid
248,Dorisa,959-461-9460,Female
249,Francyne,824-951-2467,Female
250,Vikki,972-945-9819,Female
251,Celene,226-441-8814,Female
252,Ettore,465-141-3507,Male
253,Joeann,164-832-8809,Female
254,Janenna,829-402-5898,Female
255,Tobi,711-492-6550,Female
256,Ashil,302-358-3353,Female
257,Jarret,361-818-1934,Male
258,Ainslie,600-483-0728,Female
259,Curtis,225-748-4043,Male
260,Dillon,362-868-3083,Male
261,Kylie,731-927-3193,Female
262,Coral,588-698-2891,Female
263,Dare,775-495-0249,Male
264,Codie,405-614-8164,Non-binary
265,Cale,348-678-0607,Male
266,Edvard,359-527-0995,Male
267,Guthrey,831-382-6772,Male
268,Dorrie,552-357-5988,Female
269,Jasmin,711-648-9911,Bigender
270,Evangelin,541-161-2997,Female
271,Kory,492-610-4626,Male
272,Gib,362-399-0675,Male
273,Ruby,867-462-9702,Male
274,Brade,893-861-1599,Male
275,Miguela,734-686-5141,Female
276,Sapphire,191-310-9110,Female
277,Jeanelle,849-484-0376,Female
278,Webster,140-708-1990,Male
279,Arney,416-634-9485,Male
280,Trace,279-959-5173,Male
281,Norman,930-614-8082,Male
282,Audry,225-753-6360,Agender
283,Cecilla,215-557-3102,Female
284,Malanie,696-639-8985,Female
285,Elisa,937-907-3047,Female
286,Hanni,638-896-1806,Female
287,Genvieve,860-128-8290,Female
288,Anne-corinne,597-793-1052,Female
289,Olly,338-345-8592,Male
290,Jyoti,936-663-5737,Female
291,Marie-ann,720-757-7515,Female
292,Nikolia,856-619-5926,Female
293,Julian,379-199-5006,Male
294,Scarface,924-211-7436,Male
295,Charissa,619-592-3974,Female
296,Prisca,355-176-7252,Female
297,Silvio,208-338-8130,Bigender
298,Chaunce,660-818-3877,Bigender
299,Leone,836-347-7055,Female
300,Karisa,803-741-1196,Female
301,Lidia,184-641-8471,Female
302,Adelind,693-110-4075,Female
303,Domini,178-777-3985,Female
304,Sloane,632-200-8535,Male
305,Germain,964-674-4421,Male
306,Darrick,620-990-5421,Male
307,Franky,922-669-2474,Male
308,Jarvis,340-459-4701,Male
309,Bobbette,450-417-9615,Female
310,Kev,388-505-3284,Male
311,Auberon,580-688-2607,Male
312,Doreen,633-513-5000,Female
313,Ly,330-250-7400,Male
314,Tessy,456-196-5741,Female
315,Thornie,944-555-9628,Male
316,Zack,144-744-5164,Male
317,Olag,690-611-5005,Male
318,Laurice,892-100-7769,Female
319,Hurlee,916-529-6951,Male
320,Danya,519-240-9522,Male
321,Manny,502-598-3122,Male
322,Keene,801-429-1696,Genderfluid
323,Sawyere,195-848-3163,Male
324,Vivyan,258-595-2086,Female
325,Lianne,197-361-3188,Female
326,Tiphanie,288-350-1983,Bigender
327,Brander,493-740-7640,Male
328,Roberta,656-155-3932,Female
329,Sarajane,995-985-9655,Female
330,Ivonne,490-417-1291,Female
331,Roman,999-763-5682,Male
332,Karna,863-213-8373,Female
333,Bertine,339-118-2170,Female
334,Von,176-574-4043,Male
335,Anita,987-485-4611,Female
336,Henrietta,716-833-4733,Female
337,Almeda,698-897-5417,Female
338,Fredia,965-640-3596,Female
339,Lise,162-723-7232,Female
340,Garnette,100-483-9854,Female
341,Mala,254-847-1228,Female
342,Gwennie,611-496-9792,Female
343,Colin,435-755-2887,Male
344,Carrissa,900-277-9777,Female
345,Morey,861-776-7849,Male
346,Flossie,221-390-6352,Female
347,Davin,808-730-8228,Male
348,Michaela,839-774-2227,Female
349,Patrica,126-489-6928,Female
350,Allistir,824-541-2495,Male
351,Reggi,951-391-2824,Female
352,Fleming,694-603-3520,Male
353,Jade,581-856-1036,Female
354,Elizabet,407-994-3057,Genderfluid
355,Inez,804-177-7917,Female
356,Gino,817-570-3334,Male
357,Georgi,705-905-6423,Agender
358,Essie,788-211-4166,Female
359,Viva,980-974-9464,Female
360,Timmie,751-760-0026,Female
361,Baudoin,360-753-1242,Bigender
362,Lenka,905-300-8863,Female
363,Alys,859-836-1008,Female
364,Peyton,242-695-4179,Male
365,Fidelity,899-480-1731,Female
366,Oswald,326-777-5765,Male
367,Hodge,532-929-5921,Male
368,Kailey,736-860-5073,Female
369,Lewie,963-353-8083,Male
370,Dudley,910-487-3240,Genderfluid
371,Nels,695-738-0647,Male
372,Arlan,567-883-5750,Male
373,Andriana,133-541-6381,Female
374,Tye,766-998-6293,Male
375,Kessia,171-147-0814,Female
376,Allx,577-288-5432,Female
377,Weylin,989-941-8887,Male
378,Matelda,896-666-6334,Agender
379,Gery,848-456-0410,Male
380,Nap,954-900-8635,Male
381,Nancey,779-527-2812,Female
382,Avigdor,369-413-2305,Male
383,Onfroi,427-591-1142,Polygender
384,Sheridan,357-923-3409,Male
385,Karin,654-616-5722,Polygender
386,Archambault,967-925-3338,Male
387,Chadd,955-536-2498,Male
388,Ronald,500-809-4376,Male
389,Marsha,559-280-7116,Female
390,Vitoria,403-553-7997,Female
391,Caryn,290-116-2461,Female
392,Sondra,662-141-3259,Female
393,Kynthia,253-346-4512,Genderfluid
394,Gaby,347-258-5120,Male
395,Roby,617-241-6385,Female
396,Taddeusz,558-190-1795,Male
397,Missy,422-960-6395,Female
398,Justis,544-796-1300,Male
399,Edith,576-328-2608,Female
400,Adaline,449-573-9874,Female
401,Brant,541-185-2402,Male
402,Yvon,389-899-4237,Male
403,Baudoin,990-463-6475,Male
404,Terry,997-458-9720,Female
405,Flor,993-380-6236,Female
406,Emmet,639-927-8893,Male
407,Burr,707-223-3452,Male
408,Wood,457-381-8797,Male
409,Ben,123-600-5412,Male
410,Janessa,784-274-2139,Female
411,Zenia,301-286-8049,Female
412,Colas,510-871-8080,Male
413,Mirella,958-744-0885,Female
414,Brewster,694-672-5307,Male
415,Robinett,965-452-8754,Female
416,Con,203-477-0707,Male
417,Zebulon,521-626-5735,Male
418,Marin,292-583-9401,Female
419,Gardy,617-442-7171,Male
420,Ewart,547-727-7901,Male
421,Merrie,359-293-2187,Female
422,Rori,974-485-2828,Female
423,Dolli,188-691-0218,Female
424,Dredi,406-276-1107,Female
425,Chilton,364-111-4097,Male
426,Dean,335-560-8589,Male
427,Ardath,242-457-8446,Female
428,Rochette,672-190-3855,Female
429,Graeme,438-670-8090,Male
430,Kat,179-780-0015,Female
431,Livy,427-363-3881,Female
432,Margot,197-559-4354,Female
433,Roxy,247-878-2334,Female
434,Hugo,154-612-4147,Male
435,Rozamond,615-116-2491,Female
436,Ed,682-701-1654,Male
437,Rorke,446-879-8962,Male
438,Sol,884-739-6682,Male
439,Kaleb,419-493-0953,Male
440,Jerad,975-937-3911,Male
441,Jordana,235-244-9979,Female
442,Marline,215-766-5729,Female
443,Rosy,288-818-1009,Female
444,Leda,567-422-1835,Female
445,Julissa,110-171-3620,Female
446,Yurik,402-661-1810,Genderfluid
447,Keslie,295-967-8512,Female
448,Cash,378-364-5849,Male
449,Sybilla,900-905-7115,Female
450,Jacob,867-587-3025,Male
451,Christoper,945-743-8282,Male
452,Humphrey,492-283-3434,Male
453,Drucill,720-777-5129,Female
454,Roderick,456-443-2876,Male
455,Jerrilyn,346-652-7777,Non-binary
456,Kendal,850-817-7764,Male
457,Eustacia,164-656-1186,Polygender
458,Maxy,747-582-2777,Male
459,Beau,471-302-6383,Male
460,Peyton,351-330-6734,Male
461,Fitzgerald,129-878-0766,Male
462,Maximilian,272-916-2135,Male
463,Durand,282-418-2922,Male
464,Annelise,232-292-7975,Agender
465,Rey,240-956-3158,Female
466,Sampson,689-530-9323,Male
467,Babbie,595-268-3640,Female
468,Adara,952-226-7669,Female
469,Sonnnie,593-195-1958,Female
470,Kristofer,867-951-6800,Polygender
471,Micah,813-580-3089,Male
472,Nicholle,799-144-2067,Polygender
473,Audrye,782-230-0549,Female
474,Niel,198-875-7827,Male
475,Demott,506-909-0706,Male
476,Jessie,180-463-6566,Female
477,Vania,557-291-2841,Female
478,Everard,269-516-5024,Non-binary
479,Elvyn,704-572-7316,Male
480,Malvin,819-953-0566,Male
481,Thomasina,515-556-5133,Female
482,Ban,950-545-4370,Male
483,Alaine,425-669-5751,Female
484,Camila,416-768-2169,Female
485,Danya,149-924-7499,Female
486,Erinn,589-532-8314,Female
487,Rey,287-125-2855,Male
488,Laurena,819-577-1079,Female
489,Licha,920-386-9540,Female
490,Skipton,479-482-0943,Male
491,Keely,922-843-5482,Female
492,Alis,943-835-2488,Female
493,Flory,848-893-9314,Female
494,Leon,419-262-6285,Male
495,Faith,683-253-7582,Bigender
496,Kaitlynn,380-156-2621,Female
497,Egan,625-475-5374,Male
498,Darci,473-209-8983,Female
499,Sayers,727-132-3674,Bigender
500,Glenine,700-164-6610,Female
501,Levi,994-102-2664,Male
502,Etty,341-141-9058,Female
503,Xenos,655-231-1993,Male
504,Kettie,795-903-1508,Female
505,Miran,220-164-0279,Female
506,Sayres,216-786-5135,Male
507,Mame,754-420-6190,Female
508,Quillan,807-135-2163,Male
509,Zeb,746-127-9474,Male
510,Cecelia,813-413-0067,Female
511,Aili,888-866-4930,Female
512,Deeanne,855-748-4009,Female
513,Ogden,494-251-4804,Male
514,Siegfried,898-361-6266,Male
515,Elbertine,259-690-0900,Female
516,Margalo,659-254-4268,Female
517,Rudyard,473-268-5885,Genderqueer
518,Sheff,609-191-0817,Male
519,Gwenneth,960-131-9748,Female
520,Harv,339-242-2686,Male
521,Ede,153-168-8665,Female
522,Asa,217-444-6650,Male
523,Roldan,119-724-9775,Male
524,Prentice,711-760-8684,Male
525,Willette,227-120-9859,Bigender
526,Larina,606-320-1592,Female
527,Dulcie,634-479-4096,Female
528,Gil,326-275-7146,Male
529,Mohandis,750-332-7295,Male
530,Davina,516-129-2766,Female
531,Kailey,240-987-1147,Female
532,Hunfredo,891-874-5682,Male
533,Trevor,507-440-0693,Male
534,Silvia,196-515-6445,Female
535,Dulcea,612-424-4765,Female
536,Tybi,376-458-8286,Female
537,Fredek,609-696-3918,Male
538,Bertina,526-467-3164,Female
539,Eal,236-446-0348,Male
540,Gayel,311-309-3035,Female
541,Abagael,185-421-7488,Female
542,Skippy,242-599-0628,Male
543,Mariellen,256-865-4285,Female
544,Octavia,742-667-5779,Female
545,Pail,154-984-1616,Male
546,Henka,786-652-7450,Female
547,Gavra,829-829-7104,Female
548,Yehudit,678-397-3501,Male
549,Nealy,406-975-3001,Male
550,Elana,721-691-5730,Female
551,Gratia,158-303-8218,Female
552,Miof mela,574-490-8279,Female
553,Kevon,158-744-2873,Male
554,Mady,480-580-5332,Female
555,Jacki,770-986-1732,Female
556,Rosemaria,451-977-0470,Female
557,Ahmed,698-583-5531,Male
558,Janina,453-956-0510,Female
559,Abbye,622-590-3403,Non-binary
560,Hermine,870-255-8019,Female
561,Galven,304-972-1168,Genderqueer
562,Antony,130-846-3438,Male
563,Shandeigh,902-762-7008,Female
564,Cornall,725-435-6413,Male
565,Cheryl,257-119-7413,Female
566,Francene,226-251-0947,Female
567,Staford,539-138-0018,Male
568,Leonanie,663-945-8327,Female
569,Doyle,172-383-4675,Male
570,Emmalynn,470-817-9305,Bigender
571,Brooks,728-281-7832,Male
572,Sande,900-938-7553,Female
573,Frants,378-620-4647,Male
574,Barty,676-866-9151,Male
575,Brandy,314-594-0783,Male
576,Filippo,569-929-8475,Non-binary
577,Darcy,370-638-2256,Male
578,Bram,789-814-7880,Male
579,Findley,706-343-1868,Male
580,Dania,179-552-1427,Female
581,Kellia,466-990-4996,Female
582,Bartlet,646-612-3846,Male
583,Ava,323-868-9620,Female
584,Ode,220-274-8490,Male
585,Kasper,175-367-8370,Male
586,Si,677-435-0257,Male
587,Barnie,656-211-5027,Male
588,Marcile,837-956-4202,Female
589,Phylys,634-974-3060,Female
590,Karola,791-121-8994,Female
591,Melvyn,429-643-6932,Male
592,Olva,328-812-0938,Female
593,Frederich,525-271-7148,Male
594,Pansie,239-919-0250,Female
595,Timothea,746-134-0450,Female
596,Fiorenze,330-574-9844,Female
597,Aland,276-294-3121,Male
598,Bud,536-879-1110,Male
599,Heath,102-796-6492,Agender
600,Millicent,769-256-1683,Female
601,Warren,941-966-0207,Male
602,Wendi,789-123-5278,Female
603,Izak,595-595-7711,Male
604,Ludovico,924-422-9048,Male
605,Pepi,956-718-0028,Female
606,Kimbra,991-963-8120,Female
607,Stanly,706-655-1275,Male
608,Etta,735-279-3069,Female
609,Xylia,667-611-9169,Female
610,Quincy,975-951-2877,Male
611,Bayard,465-999-3350,Non-binary
612,Sloane,883-210-6185,Male
613,Roda,998-205-6120,Female
614,Gunther,383-554-3319,Male
615,Corly,111-415-7844,Female
616,Quillan,474-367-6373,Male
617,Wolf,207-696-1594,Male
618,Sonny,189-140-8439,Male
619,Harrietta,679-826-1466,Female
620,Ruy,364-952-0048,Male
621,Shell,140-951-9358,Female
622,Sabra,398-467-9285,Female
623,Grange,660-729-9550,Male
624,Berri,254-263-2573,Female
625,Mark,961-716-4987,Male
626,Yardley,122-880-8318,Male
627,Kori,677-644-0913,Female
628,Cart,246-771-9636,Male
629,Elizabet,257-779-2703,Female
630,Massimo,956-545-7724,Male
631,Skelly,811-663-3082,Male
632,Meriel,343-694-6140,Female
633,Berke,572-904-9340,Male
634,Raynor,792-290-6219,Male
635,Krystal,162-479-5382,Bigender
636,Boigie,490-887-4496,Male
637,Augustus,122-287-6493,Male
638,Suki,691-114-8307,Female
639,Maible,430-538-7883,Female
640,Christoffer,966-918-1225,Male
641,Vale,147-388-9281,Male
642,Yuri,853-225-3866,Male
643,Sue,235-478-8729,Female
644,Marilin,459-194-7821,Female
645,Ginnie,289-622-4430,Female
646,Tonia,894-322-5270,Female
647,Theadora,979-782-4165,Female
648,Dorelia,800-235-5362,Female
649,Bianca,834-118-7316,Non-binary
650,Cart,846-305-9432,Bigender
651,Consolata,875-127-5468,Female
652,Earvin,804-164-4817,Male
653,Celene,922-884-9712,Female
654,Ginnie,174-638-9630,Female
655,Ermin,616-192-0672,Male
656,Earl,663-335-0334,Male
657,Alvan,255-178-8129,Non-binary
658,Gloriana,467-241-0626,Female
659,Kim,382-291-5466,Female
660,Gearard,182-442-3057,Male
661,Aluin,118-887-1545,Male
662,Hale,336-859-5933,Male
663,Say,762-902-2234,Male
664,Gib,208-303-1607,Male
665,Jess,576-923-7185,Female
666,Rochell,900-843-9610,Female
667,Alyss,495-407-8010,Female
668,Nevins,248-783-5100,Genderfluid
669,Arabelle,568-644-5325,Female
670,Benjie,896-145-7680,Male
671,Meade,674-829-6266,Male
672,Kyla,661-558-1668,Female
673,Loutitia,322-550-3730,Female
674,Tucky,855-810-1757,Male
675,Ezmeralda,954-107-8810,Female
676,Dougie,853-317-4604,Male
677,Bernita,713-113-3573,Female
678,Gabbie,442-927-9563,Male
679,Mabel,658-604-3341,Female
680,Gabi,640-991-7142,Female
681,Kele,822-261-2788,Male
682,Ann-marie,415-194-9539,Female
683,Maxim,820-218-8601,Male
684,Keane,838-624-3769,Male
685,Dougy,479-600-0569,Male
686,Wernher,210-435-6919,Male
687,Nicolina,238-995-4464,Female
688,Shannen,848-941-3947,Female
689,Shelton,390-352-1216,Male
690,Eudora,428-906-8913,Female
691,Constantina,915-504-9767,Female
692,Lefty,862-845-9935,Male
693,Jacob,541-391-2404,Male
694,Angelo,386-854-9156,Male
695,Romonda,710-874-5205,Female
696,Faustine,850-306-5276,Female
697,Ulysses,291-568-4368,Male
698,Friedrick,229-989-7234,Male
699,Arda,346-602-2717,Female
700,Waverly,967-599-3023,Male
701,Van,575-865-7821,Female
702,Klemens,628-792-6385,Male
703,Sid,647-443-4180,Male
704,Franciskus,912-528-9709,Polygender
705,Paola,964-301-3671,Bigender
706,Gay,964-128-7540,Male
707,Craig,906-825-7225,Male
708,Carlota,343-928-1618,Female
709,Nerta,513-199-6411,Female
710,Agnesse,573-289-5024,Female
711,Coop,890-908-0835,Male
712,Malorie,658-851-8435,Female
713,Ramsay,440-912-1120,Male
714,Minne,434-106-7609,Female
715,Norean,678-655-9683,Female
716,Winnah,781-922-2358,Female
717,Emmye,679-667-6514,Female
718,Joe,550-558-4504,Male
719,Jethro,948-922-3000,Male
720,Valentijn,995-186-6965,Male
721,Codi,227-800-2329,Female
722,Jamima,758-945-7299,Female
723,Lisabeth,821-134-0316,Female
724,Candida,445-586-7207,Female
725,Perry,697-497-1291,Female
726,Saw,216-952-9711,Male
727,Bryn,844-105-3071,Male
728,Rafa,865-520-0087,Female
729,Glynn,868-134-9525,Male
730,Enrica,742-583-0735,Female
731,Ryan,387-550-7377,Male
732,Rees,761-733-4698,Male
733,Nikos,519-251-1581,Male
734,Ailis,899-535-2604,Female
735,Caresse,733-769-1880,Female
736,Natal,108-224-1531,Male
737,Felicle,899-631-2649,Female
738,Lyndy,344-547-3632,Genderqueer
739,Hewett,746-591-6216,Non-binary
740,Wolf,685-330-1902,Male
741,Carolyn,635-181-8751,Genderqueer
742,Ralph,916-597-4339,Male
743,Patrick,930-370-7492,Male
744,Chalmers,601-919-0863,Male
745,Emma,879-913-0379,Female
746,Desiree,986-749-8847,Bigender
747,Walton,443-726-7932,Male
748,Hamel,369-968-1235,Male
749,Fredek,863-299-8073,Male
750,Gizela,269-795-3938,Female
751,Dacia,927-389-7968,Female
752,Kleon,801-939-8267,Male
753,Turner,886-476-0384,Bigender
754,Jonis,466-527-6875,Female
755,Spense,153-141-5689,Male
756,Gianni,374-479-8945,Male
757,Zelda,851-600-1994,Female
758,Ralina,792-142-4784,Female
759,Bria,105-735-0640,Female
760,Melitta,198-574-1857,Female
761,Kendell,946-727-1194,Male
762,Dorette,484-113-8653,Female
763,Hatty,712-576-3466,Female
764,Clyde,712-195-0432,Male
765,Monah,156-798-1100,Female
766,Sydel,671-486-1878,Female
767,Daryl,637-193-3217,Female
768,Evangelin,939-110-3781,Female
769,Renell,822-930-3343,Female
770,Allen,457-679-8995,Male
771,Eleanor,645-942-8452,Female
772,Gayle,172-764-9672,Male
773,Eden,977-924-7262,Female
774,Free,638-973-1451,Male
775,Tracee,900-507-8392,Female
776,Shandy,107-677-2118,Female
777,Vivyanne,673-825-5984,Female
778,Beverley,638-936-9738,Female
779,Tandi,792-558-1311,Female
780,Sashenka,478-360-4401,Female
781,Hamlen,294-337-7331,Male
782,Dennison,538-915-6715,Male
783,Stu,647-513-3953,Male
784,Rodge,239-513-0331,Male
785,Hillard,710-698-4013,Male
786,Dur,189-610-2581,Male
787,Roddy,108-144-5595,Male
788,Corinne,806-273-5931,Female
789,Cathi,755-663-7968,Genderfluid
790,Sheelagh,125-580-0647,Female
791,Reider,629-924-9304,Male
792,Auberta,302-678-1141,Female
793,Timmi,775-337-9556,Non-binary
794,Mag,255-390-9921,Female
795,Stanford,225-159-7666,Male
796,Darya,449-425-0160,Female
797,Lindsey,298-507-7390,Female
798,Trude,907-391-0976,Female
799,Padgett,833-688-3958,Genderfluid
800,Nellie,273-154-9402,Female
801,Ax,541-476-6462,Male
802,Murry,709-321-5015,Male
803,Robenia,660-325-3304,Non-binary
804,Colet,721-765-4695,Male
805,Cecily,962-938-4026,Female
806,Angeli,780-457-5321,Male
807,Bradly,247-517-7473,Male
808,Grace,653-922-7989,Female
809,Anselma,317-475-2189,Female
810,Theadora,224-407-8748,Female
811,Broddie,789-565-8573,Male
812,Si,510-381-3631,Male
813,Ulberto,708-329-9808,Male
814,Ephraim,402-690-5020,Male
815,Mandel,132-987-7423,Bigender
816,Layne,724-668-6989,Female
817,Erny,310-246-3103,Male
818,Leland,844-836-9089,Female
819,Debora,102-460-4106,Female
820,Morey,974-318-9494,Male
821,Karee,864-795-3902,Female
822,Dolli,947-396-4293,Female
823,Holly-anne,481-637-0782,Female
824,Octavius,990-473-7294,Male
825,Lynn,441-619-5612,Male
826,Boone,507-950-3602,Non-binary
827,Linn,662-641-0457,Polygender
828,Raimundo,215-807-2892,Genderfluid
829,Colly,926-489-8787,Female
830,Trip,176-415-6331,Male
831,Babs,696-881-2683,Female
832,Aurora,684-587-1887,Female
833,Ranee,234-345-5412,Female
834,Sibley,185-485-2586,Female
835,Maurizio,420-225-7141,Male
836,Anett,850-211-5374,Female
837,Fey,330-359-4893,Female
838,Agosto,965-227-4406,Male
839,Raeann,567-745-5056,Female
840,Lee,174-419-7659,Male
841,Rhea,985-559-3142,Female
842,Haslett,411-253-8384,Male
843,Kurtis,954-131-1680,Non-binary
844,Arlyne,544-866-8248,Polygender
845,Sylvester,682-384-3583,Male
846,Amery,374-862-0359,Male
847,Virge,389-349-4669,Male
848,Felita,702-367-2618,Female
849,Coleen,331-426-6612,Female
850,Sigfried,452-988-7618,Male
851,Georgeta,989-445-7166,Female
852,Bartholomeo,407-244-8022,Male
853,Amelie,791-180-4428,Female
854,Alina,887-743-3934,Female
855,Codee,180-861-8621,Female
856,Clarey,317-998-3966,Female
857,Davide,779-565-6018,Male
858,Madella,198-352-9794,Female
859,Koral,604-337-6104,Female
860,Cheri,665-310-3519,Female
861,Michale,570-324-3823,Male
862,Christian,550-615-2725,Male
863,Morey,434-192-2225,Male
864,Grantham,208-188-0475,Male
865,Sandy,752-207-4781,Female
866,Blane,651-491-6672,Male
867,Jillene,549-378-6216,Female
868,Thoma,967-606-6777,Male
869,Madelle,247-989-7167,Female
870,Thayne,203-260-8198,Male
871,Ilse,959-245-1952,Female
872,Lorrie,369-230-5661,Female
873,Kathy,477-501-2426,Female
874,Gene,443-615-1081,Male
875,Joelie,551-644-7948,Female
876,Della,939-341-4956,Female
877,Trudey,841-610-7891,Female
878,Lonnie,932-477-9187,Genderfluid
879,Anneliese,661-115-4917,Female
880,Oriana,664-399-9630,Female
881,Ashien,597-712-5994,Female
882,Shay,570-709-9918,Male
883,Alina,608-463-0412,Female
884,Keelby,545-734-7959,Male
885,Ethelda,645-349-6680,Female
886,Gabriel,435-812-9618,Male
887,Kassia,622-875-3095,Bigender
888,Augustine,452-183-1010,Female
889,Mira,401-231-2010,Female
890,Nertie,844-781-2334,Female
891,Brand,858-632-0169,Male
892,Hillyer,303-343-9774,Male
893,Pavia,433-165-2788,Female
894,Benedicto,600-934-5773,Genderqueer
895,Demetri,139-178-2654,Male
896,Petronia,115-418-9210,Female
897,Skipper,350-619-9786,Male
898,Reynolds,478-909-6559,Male
899,Padraig,217-524-6823,Male
900,Flss,976-350-6513,Female
901,Celestia,733-865-7981,Female
902,Ninette,382-446-7774,Female
903,Jervis,778-126-3965,Male
904,Emmi,789-962-8176,Genderqueer
905,Madelin,630-517-0693,Female
906,Sigismundo,274-834-4371,Male
907,Luci,555-457-2681,Female
908,Evania,443-833-5995,Female
909,Cybil,957-113-0050,Female
910,Kendrick,355-552-9499,Agender
911,Giordano,791-617-7161,Male
912,Joscelin,775-619-6057,Female
913,Zabrina,842-346-7302,Female
914,Tremain,436-653-4314,Male
915,Ari,816-564-9578,Male
916,Misha,573-584-8439,Female
917,Lana,836-488-6230,Genderfluid
918,Lura,531-486-4553,Female
919,Carmine,707-961-4976,Male
920,Gilberto,156-425-9666,Male
921,Pavlov,303-625-3741,Male
922,Agathe,539-792-5517,Female
923,Nichole,467-475-6571,Female
924,Louella,513-381-7134,Female
925,Spense,933-236-8767,Male
926,Dexter,331-788-8213,Male
927,Emmi,530-946-2220,Female
928,Inez,974-448-0690,Female
929,Rowan,960-217-3797,Male
930,Thorn,406-171-9479,Male
931,Avram,786-416-6736,Male
932,Ursuline,497-438-5678,Bigender
933,Shawnee,211-419-4419,Female
934,Dominik,241-472-3662,Male
935,Hewett,216-546-1209,Male
936,Kain,597-274-4311,Non-binary
937,Carly,284-631-7355,Female
938,Arabele,317-810-9193,Female
939,Lindsey,322-738-5272,Female
940,Donica,861-714-5012,Genderfluid
941,Eunice,185-603-3064,Female
942,Jeramie,827-278-2823,Male
943,Sonnie,133-983-8679,Female
944,Flo,175-445-6395,Female
945,Madalyn,665-639-4542,Non-binary
946,Arne,319-682-1527,Male
947,Gasparo,171-392-7095,Male
948,Fredrick,374-402-8503,Male
949,Bunny,834-222-8460,Female
950,Christine,889-565-7640,Female
951,Jeri,675-728-9482,Female
952,Chrissie,118-594-8587,Male
953,Electra,936-636-5720,Female
954,Osbourn,170-648-9566,Male
955,Querida,223-564-0576,Female
956,Coleen,827-911-0207,Female
957,Giusto,544-333-0170,Male
958,Kikelia,830-328-5398,Agender
959,Zia,861-539-2688,Female
960,Clay,528-812-4440,Male
961,Ivory,695-520-1061,Female
962,Allissa,278-181-8566,Female
963,Aili,686-292-2218,Female
964,Fayth,278-313-1194,Female
965,Dru,338-498-5373,Female
966,Raine,745-316-0523,Female
967,Marigold,438-484-4267,Female
968,Lorinda,921-965-1915,Female
969,Tate,859-157-9579,Male
970,Johan,799-797-8133,Male
971,Aurea,335-858-9994,Polygender
972,Shanta,782-535-9629,Female
973,Nickolaus,528-206-4254,Male
974,Fremont,418-214-2503,Male
975,Marmaduke,800-498-1337,Male
976,Florencia,941-126-1401,Female
977,Marius,225-752-9150,Male
978,Aleen,728-484-8056,Female
979,Philippine,814-768-9550,Female
980,Kaitlin,955-816-5073,Female
981,Webster,356-586-1528,Male
982,Ardella,459-548-4762,Bigender
983,Sioux,203-186-5474,Female
984,Oren,696-815-9468,Male
985,Viviana,382-205-9374,Female
986,Renaud,755-789-8651,Male
987,Nikolaus,662-911-3124,Male
988,Paloma,707-606-2467,Female
989,Jared,618-370-6713,Male
990,Dennis,327-139-0824,Male
991,Manny,640-603-6737,Male
992,Farra,916-265-3637,Female
993,Granny,914-529-4183,Male
994,Lauri,778-621-4045,Female
995,Barry,522-971-1469,Male
996,Barbee,338-390-4693,Genderqueer
997,Gerry,574-169-1996,Male
998,Ganny,924-228-1598,Male
999,Jacenta,477-976-5963,Genderfluid
1000,Cobbie,366-127-0198,Male
